ContractID,LastName,FirstName,MiddleInitial,Gender,BirthDate,Street1,Street2,City,State,ZipCode
C1001,Smith,John,A,M,1978-04-12,123 Maple St,,Edison,NJ,08817
C1002,Patel,Anita,R,F,1985-09-23,45 Oak Ave,Apt 2B,Iselin,NJ,08830
C1003,Brown,Michael,J,M,1962-11-05,78 Pine Rd,,Newark,NJ,07102
C1004,Lopez,Maria,L,F,1990-01-18,910 Cedar St,,Jersey City,NJ,07306
C1005,Chen,David,K,M,1971-06-30,33 Birch Ln,,Princeton,NJ,08540
C1006,Johnson,Emily,M,F,1982-03-14,201 Lake Dr,,Dallas,TX,75201
C1007,Nguyen,Kevin,T,M,1995-08-09,88 River Rd,,Plano,TX,75023
C1008,Garcia,Sofia,P,F,1976-12-21,67 Elm St,,Austin,TX,73301
C1009,Miller,Andrew,B,M,1968-02-17,410 Willow Ct,,Houston,TX,77002
C1010,Khan,Ayesha,S,F,1989-07-11,19 Sunset Blvd,,Irving,TX,75038
C1011,Wilson,Robert,D,M,1959-05-04,300 Spruce St,,San Jose,CA,95112
C1012,Shah,Neha,A,F,1992-10-28,54 Mission Rd,,Fremont,CA,94536
C1013,Lee,Daniel,H,M,1974-01-09,811 Market St,,San Francisco,CA,94103
C1014,Martinez,Carlos,E,M,1981-06-22,92 King St,,Los Angeles,CA,90012
C1015,Kim,Grace,Y,F,1966-09-14,15 Pearl Ave,,Irvine,CA,92614
C1016,Anderson,Laura,K,F,1979-03-02,702 Highland Rd,,Chicago,IL,60601
C1017,Ahmed,Omar,N,M,1987-11-19,64 Lakeshore Dr,,Naperville,IL,60540
C1018,Thompson,James,L,M,1955-08-30,820 Park Ave,,Evanston,IL,60201
C1019,Verma,Priya,S,F,1994-04-07,109 Forest St,,Aurora,IL,60505
C1020,Clark,Steven,P,M,1963-12-16,55 Meadow Ln,,Joliet,IL,60431
C1021,Harris,Nicole,T,F,1986-02-11,401 Ocean Blvd,,Miami,FL,33101
C1022,Ali,Farhan,M,M,1991-07-25,77 Palm Dr,,Orlando,FL,32801
C1023,Rodriguez,Isabella,G,F,1972-09-06,900 Bay St,,Tampa,FL,33602
C1024,Walker,Paul,J,M,1960-01-27,62 Coral Way,,Fort Lauderdale,FL,33301
C1025,Gupta,Rahul,A,M,1983-05-18,18 Sunrise Ct,,Boca Raton,FL,33432
